Date_x,Weekday,8,9,10,11,12,13,14,15,16,17,18,19,20,21,Num_shifts,Total_overlap_4,Total_overlap_3,Total_overlap_2,Starting_time_ov_4,Starting_time_ov_3,Starting_time_ov_2
2018-04-01,Sunday,,4,4,10,21,20,32,24,17,8,6,14,8,,1,0,0,0,0.0,0.0,0.0
2018-04-02,Monday,2,11,17,27,26,71,68,40,20,24,9,21,9,21,3,0,4,13,0.0,11.0,13.0
2018-04-03,Tuesday,7,9,8,12,27,52,39,39,20,21,11,20,14,9,4,0,4,23,0.0,11.0,9.0
2018-04-04,Wednesday,8,7,17,14,39,63,51,33,29,14,14,11,9,6,4,0,10,23,0.0,11.0,9.0
2018-04-05,Thursday,7,8,9,24,49,65,52,26,18,9,22,11,10,8,3,0,4,21,0.0,11.0,10.0
2018-04-06,Friday,3,13,4,16,35,91,54,35,29,22,18,18,6,12,4,2,8,25,13.0,11.0,9.0
2018-04-07,Saturday,2,7,13,20,41,69,99,53,41,39,19,14,9,2,4,4,6,25,11.0,13.0,9.0
2018-04-08,Sunday,,1,2,18,11,32,24,32,12,8,3,10,13,,3,0,0,19,0.0,0.0,10.0
2018-04-09,Monday,2,4,12,12,25,61,69,39,24,19,17,15,5,3,4,0,4,23,0.0,11.0,9.0
2018-04-10,Tuesday,4,9,23,6,41,88,62,45,24,12,14,14,6,5,4,0,8,23,0.0,11.0,9.0
2018-04-11,Wednesday,7,12,14,9,38,71,77,38,26,20,14,10,4,4,4,0,8,25,0.0,11.0,8.0
2018-04-12,Thursday,5,8,16,18,35,87,87,54,43,29,11,9,9,10,4,0,8,21,0.0,11.0,10.0
2018-04-13,Friday,,5,4,17,27,39,61,51,29,20,18,7,8,,4,0,8,25,0.0,11.0,9.0
2018-04-14,Saturday,4,10,6,4,19,44,55,34,23,24,12,12,13,,4,4,6,25,11.0,13.0,9.0
2018-04-16,Monday,,,5,14,5,46,41,49,18,15,5,9,,,4,0,8,23,0.0,11.0,9.0
2018-04-17,Tuesday,1,12,6,12,24,91,71,35,33,22,8,3,13,0,4,0,8,21,0.0,11.0,10.0
2018-04-18,Wednesday,2,4,7,5,39,59,56,29,25,16,10,11,13,,4,0,8,25,0.0,11.0,8.0
2018-04-19,Thursday,4,9,14,10,27,83,57,32,19,12,14,11,12,6,3,0,4,21,0.0,11.0,10.0
2018-04-20,Friday,3,12,9,16,33,80,82,23,39,10,18,15,7,8,3,0,4,16,0.0,11.0,13.0
2018-04-21,Saturday,5,2,1,10,19,74,59,44,35,24,14,9,12,6,4,4,6,24,11.0,13.0,9.0
2018-04-22,Sunday,,1,7,9,16,21,27,16,10,22,9,4,10,0,3,0,0,12,0.0,0.0,11.0
2018-04-23,Monday,1,10,13,16,32,52,55,18,26,23,11,7,9,3,3,0,4,21,0.0,11.0,10.0
2018-04-24,Tuesday,3,8,9,19,25,70,34,27,15,22,21,10,4,1,3,0,4,21,0.0,11.0,10.0
2018-04-25,Wednesday,5,16,6,14,26,62,49,25,13,8,9,13,7,3,3,0,7,21,0.0,11.0,10.0
2018-04-26,Thursday,6,19,11,22,25,56,44,32,10,25,13,11,1,2,3,0,6,21,0.0,11.0,10.0
2018-04-27,Friday,5,20,13,15,29,79,71,50,32,13,36,17,6,14,4,0,8,23,0.0,11.0,9.0
2018-04-28,Saturday,4,3,12,19,28,75,87,69,48,25,22,24,17,18,4,4,6,23,11.0,13.0,9.0
2018-04-29,Sunday,,7,5,15,12,43,51,29,15,18,19,10,8,,1,0,0,0,0.0,0.0,0.0
2018-04-30,Monday,,3,4,5,16,39,61,45,22,10,14,15,6,,3,0,4,21,0.0,11.0,10.0
2018-05-01,Tuesday,6,15,9,21,38,64,63,31,19,16,23,10,3,6,3,0,4,21,0.0,11.0,10.0
2018-05-02,Wednesday,2,10,16,14,37,74,50,38,19,24,8,11,5,3,4,0,8,23,0.0,11.0,9.0
2018-05-03,Thursday,5,7,9,18,25,58,70,30,20,11,14,11,5,3,3,0,6,21,0.0,11.0,10.0
2018-05-04,Friday,4,12,10,16,34,70,31,29,12,15,16,10,13,8,3,0,6,15,0.0,11.0,14.0
2018-05-05,Saturday,7,2,1,28,30,57,69,51,33,27,12,18,9,10,4,4,6,25,11.0,13.0,9.0
2018-05-06,Sunday,,,5,11,18,23,40,26,18,13,13,3,7,,3,0,0,12,0.0,0.0,11.0
2018-05-07,Monday,3,11,9,8,21,66,49,24,13,16,17,18,10,11,3,0,4,21,0.0,11.0,10.0
2018-05-08,Tuesday,3,14,11,33,27,60,42,17,15,14,10,11,7,0,3,0,4,21,0.0,11.0,10.0
2018-05-09,Wednesday,7,10,10,13,29,53,71,27,22,23,21,13,5,10,3,0,4,21,0.0,11.0,10.0
2018-05-10,Thursday,4,16,8,6,30,60,53,31,21,16,9,10,4,6,3,0,4,21,0.0,11.0,10.0
2018-05-11,Friday,6,15,5,32,15,69,43,42,17,23,13,6,2,1,3,0,6,15,0.0,11.0,14.0
2018-05-12,Saturday,,8,9,19,32,70,76,61,26,25,25,6,5,8,4,6,4,23,11.0,14.0,9.0
2018-05-13,Sunday,,1,4,7,11,32,43,34,12,18,8,8,12,,3,0,0,12,0.0,0.0,11.0
2018-05-14,Monday,6,13,9,13,12,63,38,17,16,7,10,8,7,8,3,0,4,21,0.0,11.0,10.0
2018-05-15,Tuesday,5,18,8,34,26,42,27,21,17,19,13,9,6,0,3,0,6,21,0.0,11.0,10.0
2018-05-16,Wednesday,1,6,10,17,27,47,33,19,9,10,10,14,6,3,3,0,4,21,0.0,11.0,10.0
2018-05-17,Thursday,5,13,17,12,18,61,50,33,27,19,18,8,13,13,3,0,4,21,0.0,11.0,10.0
2018-05-18,Friday,4,7,15,20,40,53,67,24,21,25,19,10,14,4,3,0,6,20,0.0,11.0,10.5
2018-05-19,Saturday,6,4,7,32,39,70,76,51,39,18,17,5,12,6,4,6,4,25,11.0,14.0,9.0
2018-05-20,Sunday,,7,4,11,9,55,32,29,7,26,6,4,8,,3,0,0,14,0.0,0.0,10.0
2018-05-21,Monday,3,8,14,17,25,69,45,17,20,18,12,17,11,3,3,0,6,21,0.0,11.0,10.0
2018-05-22,Tuesday,3,11,7,16,20,69,49,25,12,16,12,11,7,,3,0,4,21,0.0,11.0,10.0
2018-05-23,Wednesday,6,7,8,15,40,72,54,26,28,20,16,19,6,3,4,4,4,23,11.0,13.0,9.0
2018-05-24,Thursday,4,4,17,18,38,57,63,35,15,26,20,12,11,5,3,0,4,21,0.0,11.0,10.0
2018-05-25,Friday,5,9,14,22,34,77,56,22,19,17,22,17,13,9,3,0,6,20,0.0,11.0,10.5
2018-05-26,Saturday,1,4,7,8,29,78,69,59,23,22,21,8,12,4,4,4,6,25,11.0,13.0,9.0
2018-05-27,Sunday,,0,7,9,9,40,37,40,15,8,4,15,6,,3,0,0,14,0.0,0.0,10.0
2018-05-28,Monday,,,7,1,16,42,61,34,13,10,5,9,,,3,0,4,21,0.0,11.0,10.0
2018-05-29,Tuesday,1,3,7,21,20,92,87,33,27,19,12,9,2,6,3,0,4,21,0.0,11.0,10.0
2018-05-30,Wednesday,4,4,7,21,52,96,62,38,29,24,13,14,17,3,3,0,4,21,0.0,11.0,10.0
2018-05-31,Thursday,2,6,10,13,16,84,87,35,24,12,20,6,9,9,3,0,3,21,0.0,11.0,10.0
2018-06-01,Friday,3,0,8,5,37,80,76,43,33,17,15,21,7,4,3,0,4,21,0.0,11.0,10.0
2018-06-02,Saturday,5,7,4,3,31,48,74,45,35,28,13,10,13,5,4,4,6,23,11.0,13.0,9.0
2018-06-03,Sunday,,2,6,9,8,21,6,31,11,11,5,9,2,,2,0,0,9,0.0,0.0,13.0
2018-06-04,Monday,3,4,8,16,20,77,37,22,23,28,12,8,1,5,3,0,4,21,0.0,11.0,10.0
2018-06-05,Tuesday,5,5,6,8,21,56,47,23,25,7,14,8,13,4,4,0,6,21,0.0,11.0,10.0
2018-06-06,Wednesday,5,5,3,18,46,76,50,29,19,10,20,7,8,3,4,0,8,23,0.0,11.0,9.0
2018-06-07,Thursday,5,7,9,16,25,65,32,23,19,21,11,12,3,5,3,0,4,21,0.0,11.0,10.0
2018-06-08,Friday,5,10,18,13,21,72,57,34,24,9,13,20,6,4,3,0,6,20,0.0,11.0,10.5
2018-06-09,Saturday,5,4,8,10,34,74,96,65,46,17,28,18,5,6,4,4,6,23,11.0,13.0,9.0
2018-06-10,Sunday,,1,3,5,13,27,34,22,12,10,9,6,5,4,3,0,0,13,0.0,0.0,10.5
2018-06-11,Monday,4,2,11,16,22,52,22,16,20,12,12,18,8,1,3,0,4,21,0.0,11.0,10.0
2018-06-12,Tuesday,6,7,7,15,25,47,54,22,12,13,14,20,3,3,3,0,6,21,0.0,11.0,10.0
2018-06-13,Wednesday,4,7,2,13,35,62,26,38,11,10,15,11,5,3,4,0,8,23,0.0,11.0,9.0
2018-06-14,Thursday,9,4,9,31,28,45,70,36,24,18,16,13,7,2,3,0,4,21,0.0,11.0,10.0
2018-06-15,Friday,4,7,6,16,28,84,61,33,27,23,29,12,18,6,3,0,6,21,0.0,11.0,10.0
2018-06-16,Saturday,2,1,6,17,42,87,75,42,39,15,12,9,29,0,4,6,4,23,11.0,14.0,9.0
2018-06-17,Sunday,,3,8,7,14,21,39,22,14,9,5,3,0,0,3,0,0,14,0.0,0.0,10.0
2018-06-18,Monday,4,6,9,20,34,90,59,22,21,15,16,11,1,2,3,0,6,21,0.0,11.0,10.0
2018-06-19,Tuesday,4,10,4,12,36,53,50,29,22,24,19,8,9,1,3,0,4,21,0.0,11.0,10.0
2018-06-20,Wednesday,3,7,8,21,28,69,79,43,13,24,25,12,6,3,3,0,4,21,0.0,11.0,10.0
2018-06-21,Thursday,4,2,8,17,24,51,54,19,12,13,11,11,11,5,3,0,4,21,0.0,11.0,10.0
2018-06-22,Friday,4,8,17,21,24,72,75,46,30,28,19,13,3,6,3,0,6,21,0.0,11.0,10.0
2018-06-23,Saturday,1,5,12,14,34,78,78,73,46,20,21,16,9,2,4,4,6,21,11.0,13.0,10.0
2018-06-24,Sunday,,10,9,11,14,40,30,25,27,8,6,9,5,,1,0,0,0,0.0,0.0,0.0
2018-06-25,Monday,10,9,12,22,26,65,59,32,23,16,16,14,1,5,3,0,6,21,0.0,11.0,10.0
2018-06-26,Tuesday,2,8,10,15,36,47,41,26,18,15,5,24,11,,3,0,6,21,0.0,11.0,10.0
2018-06-27,Wednesday,5,4,8,12,29,55,51,25,24,14,18,15,6,7,4,0,4,23,0.0,11.0,9.0
2018-06-28,Thursday,8,1,4,10,25,58,46,27,19,24,18,4,1,4,3,0,4,21,0.0,11.0,10.0
2018-06-29,Friday,7,11,12,13,43,75,74,31,23,39,21,6,10,5,3,0,4,21,0.0,11.0,10.0
2018-06-30,Saturday,0,9,4,25,35,88,80,72,46,31,28,10,9,8,4,4,8,23,11.0,13.0,9.0
2018-07-01,Sunday,,1,4,6,18,36,49,25,16,10,8,8,3,,3,0,0,19,0.0,0.0,10.0
2018-07-02,Monday,5,8,5,18,30,54,41,31,22,18,15,20,12,5,3,0,4,21,0.0,11.0,10.0
2018-07-03,Tuesday,7,1,20,18,32,79,57,33,18,17,25,14,4,4,3,0,6,21,0.0,11.0,10.0
2018-07-04,Wednesday,6,6,14,14,35,53,59,22,21,19,21,11,12,6,3,0,6,21,0.0,11.0,10.0
2018-07-05,Thursday,5,4,12,12,32,64,68,29,11,27,12,16,2,6,3,0,4,21,0.0,11.0,10.0
2018-07-06,Friday,6,11,12,19,32,83,66,29,25,31,14,18,27,1,3,0,4,21,0.0,11.0,10.0
2018-07-07,Saturday,3,5,8,28,50,70,84,57,27,25,18,13,7,6,4,4,8,23,11.0,13.0,9.0
2018-07-08,Sunday,,2,8,7,12,48,56,36,14,36,12,6,13,,3,0,0,19,0.0,0.0,10.0
2018-07-09,Monday,1,6,12,12,44,49,57,35,8,14,10,16,4,7,3,0,4,21,0.0,11.0,10.0
2018-07-10,Tuesday,2,8,12,14,42,52,33,15,10,8,11,15,15,4,3,0,4,21,0.0,11.0,10.0
2018-07-11,Wednesday,2,5,12,23,34,80,61,27,25,9,15,8,4,5,4,0,6,25,0.0,11.0,8.0
2018-07-12,Thursday,8,7,8,24,31,76,60,21,20,18,11,14,6,2,3,0,4,21,0.0,11.0,10.0
2018-07-13,Friday,8,10,13,16,32,47,52,32,31,11,29,17,12,13,3,0,4,21,0.0,11.0,10.0
2018-07-14,Saturday,4,0,6,16,28,65,99,52,52,33,18,2,10,5,4,4,8,23,11.0,13.0,9.0
2018-07-15,Sunday,,2,10,13,16,32,45,16,12,17,12,13,11,0,3,0,0,14,0.0,0.0,10.0
2018-07-16,Monday,,6,11,18,28,86,72,42,13,13,16,15,6,7,3,0,4,21,0.0,11.0,10.0
2018-07-17,Tuesday,2,9,10,21,35,79,54,22,11,17,8,11,10,9,3,0,4,21,0.0,11.0,10.0
2018-07-18,Wednesday,2,2,6,20,35,61,54,31,24,13,15,10,12,8,3,0,4,21,0.0,11.0,10.0
2018-07-19,Thursday,2,5,12,8,19,35,47,30,13,14,6,6,7,3,3,0,4,21,0.0,11.0,10.0
2018-07-20,Friday,1,8,16,13,26,68,49,33,32,21,19,16,12,9,3,0,4,21,0.0,11.0,10.0
2018-07-21,Saturday,1,4,7,15,43,99,74,55,52,21,21,10,6,3,4,4,8,23,11.0,13.0,9.0
2018-07-22,Sunday,,4,5,8,9,56,40,23,20,10,12,18,8,,3,0,0,14,0.0,0.0,10.0
2018-07-23,Monday,3,4,5,26,39,95,69,36,16,20,9,6,9,2,3,0,4,21,0.0,11.0,10.0
2018-07-24,Tuesday,3,7,13,11,18,73,64,37,28,22,19,17,10,9,3,0,4,21,0.0,11.0,10.0
2018-07-25,Wednesday,5,4,13,4,36,69,50,28,24,9,15,11,9,4,4,0,8,23,0.0,11.0,9.0
2018-07-26,Thursday,2,2,7,6,48,72,71,43,29,12,10,7,7,4,3,0,6,13,0.0,11.0,14.0
2018-07-27,Friday,5,8,7,17,42,75,70,33,41,27,6,11,7,6,3,0,6,21,0.0,11.0,10.0
2018-07-28,Saturday,4,2,7,19,31,67,69,53,25,23,8,11,9,12,4,6,6,23,11.0,14.0,9.0
2018-07-29,Sunday,,1,12,3,25,32,35,26,10,20,11,5,0,,3,0,0,19,0.0,0.0,10.0
2018-07-30,Monday,1,13,14,13,17,81,82,26,29,10,9,6,2,4,3,0,6,21,0.0,11.0,10.0
2018-07-31,Tuesday,6,1,3,19,34,91,67,48,37,21,13,15,8,5,3,0,6,21,0.0,11.0,10.0
2018-08-01,Wednesday,5,5,10,9,29,81,64,42,15,20,16,10,13,3,4,4,4,23,11.0,13.0,9.0
2018-08-02,Thursday,3,6,6,9,34,80,58,36,24,24,16,8,5,7,3,0,6,21,0.0,11.0,10.0
2018-08-03,Friday,2,10,9,14,31,85,64,53,34,32,24,13,12,2,4,6,2,23,11.0,14.0,9.0
2018-08-04,Saturday,2,8,7,14,26,51,59,71,31,16,19,11,3,7,4,6,6,23,11.0,14.0,9.0
2018-08-05,Sunday,,4,5,3,17,30,29,21,24,14,14,7,3,,3,0,0,19,0.0,0.0,10.0
2018-08-06,Monday,2,3,4,23,34,81,82,53,28,15,12,8,8,3,3,0,6,21,0.0,11.0,10.0
2018-08-07,Tuesday,4,3,4,16,12,57,75,31,26,17,16,10,4,3,3,0,6,21,0.0,11.0,10.0
2018-08-08,Wednesday,3,2,5,17,21,86,58,49,21,34,23,17,11,1,3,0,6,21,0.0,11.0,10.0
2018-08-09,Thursday,3,6,6,11,33,81,45,38,21,15,12,9,1,5,3,0,6,21,0.0,11.0,10.0
2018-08-10,Friday,8,4,11,17,25,81,92,44,31,16,28,12,7,8,3,0,8,13,0.0,10.0,14.0
2018-08-11,Saturday,2,5,13,17,23,68,52,61,27,17,23,9,20,8,3,0,6,21,0.0,11.0,10.0
2018-08-12,Sunday,,2,2,3,14,17,23,22,18,14,8,1,2,,1,0,0,0,0.0,0.0,0.0
2018-08-13,Monday,2,4,8,14,25,80,72,35,32,12,7,10,7,3,3,0,6,21,0.0,11.0,10.0
2018-08-14,Tuesday,,8,11,8,29,88,78,48,19,17,8,21,4,6,3,0,6,21,0.0,11.0,10.0
2018-08-15,Wednesday,3,5,8,17,22,80,76,23,28,14,8,16,1,5,4,0,8,23,0.0,11.0,9.0
2018-08-16,Thursday,3,4,5,6,18,60,61,38,11,30,14,8,4,2,3,0,4,21,0.0,11.0,10.0
2018-08-17,Friday,2,11,5,12,35,69,60,46,23,13,19,13,3,6,4,4,4,21,11.0,13.0,10.0
2018-08-18,Saturday,1,3,3,15,37,54,54,42,31,12,11,12,9,6,3,0,4,21,0.0,11.0,10.0
2018-08-19,Sunday,,0,2,2,9,37,31,12,27,10,11,16,5,,3,0,0,16,0.0,0.0,10.0
2018-08-20,Monday,1,4,3,15,28,75,64,46,23,19,18,10,8,2,3,0,4,21,0.0,11.0,10.0
2018-08-21,Tuesday,0,4,6,10,33,75,62,26,21,8,13,9,5,1,4,0,6,23,0.0,11.0,9.0
2018-08-22,Wednesday,1,7,10,6,45,92,60,30,26,17,20,10,8,4,4,0,8,23,0.0,11.0,9.0
2018-08-23,Thursday,2,2,7,13,36,59,69,42,22,12,19,11,12,4,3,0,4,21,0.0,11.0,10.0
2018-08-24,Friday,2,7,5,11,49,84,84,61,29,28,24,12,5,10,3,0,6,21,0.0,11.0,10.0
2018-08-25,Saturday,3,5,6,12,39,66,72,49,28,33,14,20,12,13,4,6,4,23,11.0,14.0,9.0
2018-08-26,Sunday,,3,6,2,10,41,44,31,18,13,7,5,7,0,3,0,0,14,0.0,0.0,10.0
2018-08-27,Monday,,0,1,11,22,50,31,44,25,12,8,14,11,,3,0,0,14,0.0,0.0,10.0
2018-08-28,Tuesday,,4,15,6,41,80,63,22,20,18,21,10,15,1,3,0,4,21,0.0,11.0,10.0
2018-08-29,Wednesday,1,7,13,22,35,65,62,40,20,20,27,10,8,4,4,0,10,23,0.0,10.0,9.0
2018-08-30,Thursday,0,4,4,13,37,81,87,30,17,19,17,9,4,0,3,0,6,13,0.0,11.0,14.0
2018-08-31,Friday,7,6,5,18,38,81,97,43,30,26,29,16,8,6,4,4,4,23,11.0,13.0,9.0
2018-09-01,Saturday,1,2,7,14,39,78,88,72,43,30,12,16,7,6,4,4,4,23,11.0,13.0,9.0
2018-09-02,Sunday,,1,6,7,14,27,27,24,13,23,1,15,1,,3,0,0,14,0.0,0.0,10.0
2018-09-03,Monday,6,0,4,17,35,102,80,37,24,22,28,18,,0,3,0,4,21,0.0,11.0,10.0
2018-09-04,Tuesday,0,6,11,10,19,67,62,44,22,18,19,9,2,,3,0,6,21,0.0,11.0,10.0
2018-09-05,Wednesday,4,4,3,25,35,78,47,26,23,10,18,14,2,-4,3,0,6,21,0.0,11.0,10.0
2018-09-06,Thursday,2,7,14,17,22,75,52,21,25,17,9,11,9,2,3,0,6,19,0.0,11.0,10.0
2018-09-07,Friday,5,5,10,21,22,82,56,39,22,21,21,15,9,11,4,6,2,23,11.0,14.0,9.0
2018-09-08,Saturday,,2,6,23,26,64,73,68,43,36,21,10,19,10,4,4,4,23,11.0,13.0,9.0
2018-09-09,Sunday,,,5,6,11,22,45,33,25,18,4,,,,3,0,0,16,0.0,0.0,10.0
2018-09-10,Monday,3,4,9,22,24,73,50,46,29,11,25,13,11,4,3,0,6,21,0.0,11.0,10.0
2018-09-11,Tuesday,0,9,10,12,31,86,55,23,28,31,14,14,12,,3,0,6,21,0.0,11.0,10.0
2018-09-12,Wednesday,4,6,8,18,22,86,61,27,28,19,12,6,9,3,4,0,8,23,0.0,11.0,9.0
2018-09-13,Thursday,5,8,13,20,27,83,51,39,24,22,19,4,7,9,3,0,4,21,0.0,11.0,10.0
2018-09-14,Friday,2,13,11,21,30,58,56,37,27,26,12,12,2,10,3,0,6,21,0.0,11.0,10.0
2018-09-15,Saturday,,4,9,12,28,65,83,70,47,26,17,12,10,10,4,4,6,23,11.0,13.0,9.0
2018-09-16,Sunday,,,9,15,10,33,42,35,19,6,9,,,,3,0,0,14,0.0,0.0,10.0
2018-09-17,Monday,5,7,10,21,30,71,42,26,32,4,11,12,3,4,3,0,4,21,0.0,11.0,10.0
2018-09-18,Tuesday,,3,13,19,30,66,51,28,20,17,15,11,5,11,3,0,6,21,0.0,11.0,10.0
2018-09-19,Wednesday,4,10,16,10,36,84,44,29,22,20,12,18,11,13,4,0,6,25,0.0,11.0,8.0
2018-09-20,Thursday,2,5,12,18,26,70,40,24,14,21,20,6,8,2,3,0,4,21,0.0,11.0,10.0
2018-09-21,Friday,8,10,25,9,37,79,55,34,17,28,25,13,5,3,3,0,6,21,0.0,11.0,10.0
2018-09-22,Saturday,,8,10,15,33,48,85,67,45,21,12,19,12,6,3,0,8,13,0.0,10.0,14.0
2018-09-23,Sunday,,,9,8,10,29,48,23,14,25,16,,,,1,0,0,0,0.0,0.0,0.0
2018-09-24,Monday,6,3,9,15,22,63,55,20,19,32,13,15,2,4,3,0,4,21,0.0,11.0,10.0
2018-09-25,Tuesday,2,6,15,15,39,63,46,46,9,22,19,13,14,4,3,0,4,21,0.0,11.0,10.0
2018-09-26,Wednesday,1,7,8,21,32,66,52,26,18,19,14,19,3,2,3,0,4,21,0.0,11.0,10.0
2018-09-27,Thursday,7,9,10,22,37,76,48,26,21,20,17,8,5,13,3,0,6,21,0.0,11.0,10.0
2018-09-28,Friday,6,1,9,13,47,73,68,49,34,29,12,26,9,21,3,0,4,21,0.0,11.0,10.0
2018-09-29,Saturday,,1,6,17,28,89,85,70,68,23,11,15,10,4,4,6,4,21,11.0,14.0,10.0
2018-09-30,Sunday,,,11,6,2,33,43,36,29,8,5,,,,3,0,0,14,0.0,0.0,10.0
2018-10-01,Monday,5,4,12,13,42,66,34,32,19,25,20,6,3,9,3,0,4,21,0.0,11.0,10.0
2018-10-02,Tuesday,3,4,8,23,24,59,44,30,11,18,22,6,5,3,3,0,6,21,0.0,11.0,10.0
2018-10-03,Wednesday,6,7,10,17,24,55,46,26,31,5,15,13,6,5,3,0,4,21,0.0,11.0,10.0
2018-10-04,Thursday,4,7,15,14,21,70,49,33,18,27,19,8,11,3,3,0,4,21,0.0,11.0,10.0
2018-10-05,Friday,5,5,17,11,15,70,46,28,26,29,21,17,9,7,3,0,8,13,0.0,10.0,14.0
2018-10-06,Saturday,,11,5,13,37,85,83,55,33,28,11,20,9,9,4,4,6,21,11.0,13.0,10.0
2018-10-07,Sunday,,,,14,7,33,38,25,23,25,12,,,,3,0,0,14,0.0,0.0,10.0
2018-10-08,Monday,2,6,8,15,32,65,41,23,14,22,11,23,1,,3,0,6,21,0.0,11.0,10.0
2018-10-09,Tuesday,4,5,6,6,25,59,49,28,23,18,13,9,9,5,3,0,6,21,0.0,11.0,10.0
2018-10-10,Wednesday,5,5,15,13,37,54,40,21,12,16,12,27,5,6,3,0,4,21,0.0,11.0,10.0
2018-10-11,Thursday,,6,7,13,13,57,54,17,15,17,16,7,13,12,3,0,4,21,0.0,11.0,10.0
2018-10-12,Friday,4,5,12,14,13,50,46,33,19,13,17,7,7,1,4,0,14,7,0.0,10.0,17.0
2018-10-13,Saturday,,3,7,17,35,62,66,67,37,22,14,11,9,8,4,4,10,11,11.0,10.0,15.0
2018-10-14,Sunday,,,4,10,9,23,40,19,21,26,9,0,,,3,0,0,14,0.0,0.0,10.0
2018-10-15,Monday,1,10,11,15,22,71,56,19,29,18,13,17,3,6,3,0,4,21,0.0,11.0,10.0
2018-10-16,Tuesday,4,,4,15,13,61,37,33,7,23,11,8,2,3,3,0,6,21,0.0,11.0,10.0
2018-10-17,Wednesday,5,7,15,19,29,83,45,31,11,14,9,16,9,1,3,0,4,21,0.0,11.0,10.0
2018-10-18,Thursday,3,2,4,8,,2,25,24,11,10,11,3,12,3,3,0,4,21,0.0,11.0,10.0
2018-10-19,Friday,5,4,8,24,32,79,57,26,21,18,21,12,9,7,4,0,8,23,0.0,11.0,9.0
2018-10-20,Saturday,,5,9,13,32,66,64,49,40,18,22,28,6,4,4,4,6,23,11.0,13.0,9.0
2018-10-21,Sunday,,,,4,12,19,36,16,5,9,11,,,,2,0,0,14,0.0,0.0,10.0
2018-10-22,Monday,2,6,8,24,39,81,66,39,14,20,10,5,10,3,3,0,6,21,0.0,11.0,10.0
2018-10-23,Tuesday,2,2,5,11,32,80,66,61,18,17,11,5,7,7,3,0,6,21,0.0,11.0,10.0
2018-10-24,Wednesday,,6,8,10,39,82,78,44,14,16,12,10,7,11,3,0,6,21,0.0,11.0,10.0
2018-10-25,Thursday,2,6,11,11,31,71,71,44,19,21,12,14,5,15,3,0,4,21,0.0,11.0,10.0
2018-10-26,Friday,6,4,3,18,30,70,93,55,33,22,24,5,7,9,3,0,4,20,0.0,11.0,10.0
2018-10-27,Saturday,,,4,17,31,82,69,63,36,34,24,12,13,9,4,4,6,21,11.0,13.0,10.0
2018-10-28,Sunday,,,7,7,7,33,38,26,20,16,12,,,,1,0,0,0,0.0,0.0,0.0
2018-10-29,Monday,2,3,12,19,45,73,43,16,18,23,10,6,3,3,3,0,6,21,0.0,12.0,11.0
2018-10-30,Tuesday,5,2,9,15,51,51,51,33,24,11,10,8,10,3,3,0,6,21,0.0,12.0,11.0
2018-10-31,Wednesday,3,5,6,4,21,62,38,34,16,15,7,13,6,6,3,0,6,15,0.0,11.0,14.0
2018-11-01,Thursday,2,6,13,18,28,58,51,18,21,25,8,18,16,4,3,0,4,21,0.0,12.0,11.0
2018-11-02,Friday,4,8,15,23,43,84,80,36,20,38,15,16,4,4,4,4,4,23,12.0,14.0,10.0
2018-11-03,Saturday,,2,6,0,29,61,78,48,26,30,11,8,14,8,4,6,13,23,12.0,11.5,10.0
2018-11-04,Sunday,,,2,15,12,33,35,31,14,14,8,,,,2,0,0,14,0.0,0.0,11.0
2018-11-05,Monday,1,3,7,21,23,64,48,24,12,12,11,8,4,19,3,0,4,21,0.0,12.0,11.0
2018-11-06,Tuesday,8,5,11,13,35,52,8,23,17,13,20,19,10,8,3,0,6,21,0.0,12.0,11.0
2018-11-07,Wednesday,,2,10,7,24,46,45,28,14,11,14,10,6,5,4,4,14,7,12.0,11.0,18.0
2018-11-08,Thursday,1,1,14,14,21,84,60,29,6,20,24,17,7,0,4,4,14,7,12.0,11.0,18.0
2018-11-09,Friday,4,6,11,13,31,52,48,39,25,19,16,10,9,11,3,0,4,21,0.0,12.0,11.0
2018-11-10,Saturday,,2,8,16,19,72,76,66,46,26,13,10,4,5,4,4,14,23,12.0,11.0,10.0
2018-11-11,Sunday,,,2,6,8,22,35,20,12,7,4,,,,1,0,0,0,0.0,0.0,0.0
2018-11-12,Monday,7,6,8,13,38,51,27,18,17,22,20,10,6,3,4,4,14,7,12.0,11.0,18.0
2018-11-13,Tuesday,3,1,6,11,23,73,36,32,20,9,18,9,5,4,4,6,14,7,12.0,11.0,18.0
2018-11-14,Wednesday,0,5,13,8,28,63,38,22,20,11,8,9,1,8,3,0,4,21,0.0,12.0,11.0
2018-11-15,Thursday,3,2,5,19,22,49,63,12,8,4,13,7,4,,3,0,4,21,0.0,12.0,11.0
2018-11-16,Friday,1,1,9,11,21,46,42,36,12,7,12,15,7,5,3,0,4,21,0.0,12.0,11.0
2018-11-17,Saturday,,2,7,13,44,49,64,38,49,42,48,30,7,7,4,4,6,23,12.0,14.0,10.0
2018-11-18,Sunday,,,3,7,9,36,13,22,12,10,12,,,,2,0,0,14,0.0,0.0,11.0
2018-11-19,Monday,2,3,2,8,14,57,35,19,18,13,9,2,4,5,3,0,4,21,0.0,12.0,11.0
2018-11-20,Tuesday,2,3,4,12,20,54,36,26,8,14,12,16,11,12,3,0,6,21,0.0,12.0,11.0
2018-11-21,Wednesday,5,7,8,8,25,55,36,15,12,13,5,9,7,6,3,0,4,21,0.0,12.0,11.0
2018-11-22,Thursday,3,2,3,12,18,51,28,28,15,10,6,9,5,4,3,0,4,21,0.0,12.0,11.0
2018-11-23,Friday,5,7,9,24,45,64,62,42,19,20,20,9,10,6,5,4,10,23,12.0,11.0,10.0
2018-11-24,Saturday,,6,2,7,22,42,75,57,46,24,9,9,5,4,4,4,8,23,12.0,14.0,10.0
2018-11-25,Sunday,,,5,9,11,28,30,17,1,10,10,,,,3,0,0,14,0.0,0.0,11.0
2018-11-26,Monday,3,4,6,19,32,65,36,24,15,8,10,8,3,8,3,0,6,13,0.0,12.0,15.0
2018-11-27,Tuesday,5,4,8,8,24,51,37,24,13,12,9,20,5,1,3,0,4,21,0.0,12.0,11.0
2018-11-28,Wednesday,5,5,5,7,23,46,33,24,6,9,13,8,4,,3,0,4,21,0.0,12.0,11.0
2018-11-29,Thursday,2,8,11,14,21,42,36,20,11,6,18,9,1,6,3,0,3,20,0.0,12.5,11.0
2018-11-30,Friday,4,9,7,12,15,77,49,30,32,21,7,3,5,3,3,0,4,21,0.0,12.0,11.0
2018-12-01,Saturday,,1,7,12,33,67,92,62,39,16,23,7,8,6,4,4,6,21,12.0,14.0,11.0
2018-12-02,Sunday,,,4,5,17,35,51,27,12,13,9,1,,,3,0,0,14,0.0,0.0,11.0
2018-12-03,Monday,5,4,7,17,26,63,41,17,42,14,8,10,3,6,3,0,4,21,0.0,12.0,11.0
2018-12-04,Tuesday,4,8,11,11,23,59,46,17,14,9,15,9,6,4,3,0,6,21,0.0,12.0,11.0
2018-12-05,Wednesday,2,3,9,15,22,49,49,18,17,6,7,9,2,1,3,0,4,14,0.0,12.0,11.0
2018-12-06,Thursday,2,13,7,13,16,60,40,15,15,23,7,11,6,0,3,0,4,21,0.0,12.0,11.0
2018-12-07,Friday,3,7,19,9,19,57,32,17,16,21,2,14,10,2,3,0,4,21,0.0,12.0,11.0
2018-12-08,Saturday,,2,6,20,32,77,73,60,54,21,10,11,9,4,4,4,6,23,12.0,14.0,10.0
2018-12-09,Sunday,,,4,2,4,15,27,9,8,,,,,,3,0,4,14,0.0,12.0,11.0
2018-12-10,Monday,,3,5,9,18,57,37,23,9,15,9,8,2,6,3,0,4,21,0.0,12.0,11.0
2018-12-11,Tuesday,9,2,8,12,18,61,40,25,11,16,23,15,2,2,3,0,6,21,0.0,12.0,11.0
2018-12-12,Wednesday,3,5,10,15,22,48,34,20,15,17,12,7,6,2,4,0,4,21,0.0,12.0,11.0
2018-12-13,Thursday,2,6,6,20,27,47,30,13,19,13,13,9,12,7,3,0,4,21,0.0,12.0,11.0
2018-12-14,Friday,4,4,9,19,28,45,51,20,21,19,15,12,9,12,3,0,4,21,0.0,12.0,11.0
2018-12-15,Saturday,,3,9,9,24,65,73,50,34,23,29,12,11,4,4,4,6,23,12.0,14.0,10.0
2018-12-16,Sunday,,,10,7,14,39,44,37,19,15,11,,,,1,0,0,0,0.0,0.0,0.0
2018-12-17,Monday,2,6,7,19,31,42,54,39,14,17,14,2,7,3,3,0,4,21,0.0,12.0,11.0
2018-12-18,Tuesday,5,3,5,15,20,46,60,38,20,20,10,12,10,1,3,0,6,21,0.0,12.0,11.0
2018-12-19,Wednesday,,5,12,3,41,84,68,31,29,22,18,6,15,4,3,0,4,21,0.0,12.0,11.0
2018-12-20,Thursday,2,1,3,9,31,62,81,44,21,15,18,13,10,3,3,0,4,21,0.0,12.0,11.0
2018-12-21,Friday,2,9,9,27,33,87,95,62,53,30,35,36,13,7,5,4,4,23,12.0,14.0,10.0
2018-12-22,Saturday,,4,9,17,33,61,70,39,27,26,26,15,9,3,4,4,8,23,12.0,14.0,10.0
2018-12-23,Sunday,,,3,5,20,24,31,30,16,7,,,,,3,0,6,19,0.0,12.0,11.0
2018-12-26,Wednesday,,2,2,12,29,59,71,51,32,29,9,3,5,,4,4,4,15,12.0,14.0,10.0
2018-12-27,Thursday,0,1,1,5,27,72,55,56,42,12,12,1,3,,3,0,4,21,0.0,12.0,11.0
2018-12-28,Friday,,,3,12,15,66,77,69,46,23,21,13,5,,3,0,4,21,0.0,12.0,11.0
2018-12-29,Saturday,,1,7,9,27,46,61,65,39,23,13,8,11,10,4,4,8,23,12.0,14.0,10.0
2018-12-30,Sunday,,,,4,9,36,30,23,16,0,12,2,7,,3,0,0,14,0.0,0.0,11.0
2019-01-02,Wednesday,2,3,9,9,25,59,30,22,24,21,11,4,2,4,3,0,4,21,0.0,12.0,11.0
2019-01-03,Thursday,0,5,9,16,18,36,46,28,15,4,12,6,2,1,3,0,4,21,0.0,12.0,11.0
2019-01-04,Friday,,6,8,7,18,55,34,18,15,19,5,4,4,8,3,0,4,21,0.0,12.0,11.0
2019-01-05,Saturday,,3,4,11,23,58,46,42,19,33,21,9,2,3,3,0,6,21,0.0,12.0,11.0
2019-01-06,Sunday,,,3,6,4,18,19,20,13,12,3,,,,3,0,0,14,0.0,0.0,11.0
2019-01-07,Monday,2,3,8,18,15,57,34,17,14,9,7,8,5,0,3,0,4,21,0.0,12.0,11.0
2019-01-08,Tuesday,,,1,7,18,52,58,36,17,15,15,9,6,1,3,0,6,21,0.0,12.0,11.0
2019-01-09,Wednesday,2,4,8,6,21,74,47,23,22,20,15,2,5,3,3,0,4,21,0.0,12.0,11.0
2019-01-10,Thursday,,4,15,24,26,73,49,31,9,14,11,7,2,5,3,0,4,21,0.0,12.0,11.0
2019-01-11,Friday,3,16,10,20,24,88,67,23,21,34,29,15,10,6,3,0,7,21,0.0,12.0,11.0
2019-01-12,Saturday,,1,,12,31,62,76,56,43,13,18,20,2,1,3,0,6,21,0.0,12.0,11.0
2019-01-13,Sunday,,,4,3,14,30,27,18,8,4,3,,,,2,0,0,14,0.0,0.0,11.0
2019-01-14,Monday,1,4,6,14,25,68,38,22,15,12,21,3,4,7,3,0,4,21,0.0,12.0,11.0
2019-01-15,Tuesday,6,5,12,14,21,66,46,22,20,10,18,10,11,6,3,0,6,21,0.0,12.0,11.0
2019-01-16,Wednesday,2,5,10,14,31,61,39,16,21,10,16,20,5,1,4,0,6,15,0.0,11.0,14.0
2019-01-17,Thursday,3,5,18,23,29,74,43,14,6,20,17,9,1,7,3,0,4,21,0.0,12.0,11.0
2019-01-18,Friday,2,6,6,20,29,65,70,17,31,17,23,13,10,1,3,0,4,21,0.0,12.0,11.0
2019-01-19,Saturday,,2,1,20,24,57,58,51,30,19,3,7,2,10,3,0,6,21,0.0,12.0,11.0
2019-01-20,Sunday,,,2,3,10,2,,,,,29,,,,3,0,0,14,0.0,0.0,11.0
2019-01-21,Monday,1,8,7,16,23,49,41,19,24,18,15,23,11,2,3,0,4,21,0.0,12.0,11.0
2019-01-22,Tuesday,3,5,5,16,29,57,49,26,17,19,21,4,7,4,3,0,6,21,0.0,12.0,11.0
2019-01-23,Wednesday,2,2,8,18,23,70,29,23,27,11,9,9,8,4,3,0,4,21,0.0,12.0,11.0
2019-01-24,Thursday,4,15,9,23,30,71,45,25,23,18,15,8,2,2,3,0,4,21,0.0,12.0,11.0
2019-01-25,Friday,5,13,11,16,30,85,51,28,18,16,25,7,6,2,3,0,4,21,0.0,12.0,11.0
2019-01-26,Saturday,,8,6,13,31,65,73,77,43,29,18,13,12,7,2,0,0,19,0.0,0.0,12.0
2019-01-27,Sunday,,,2,7,19,33,38,32,23,10,12,,,,1,0,0,0,0.0,0.0,0.0
2019-01-28,Monday,5,10,4,10,16,80,50,26,19,19,19,14,6,2,2,0,0,19,0.0,0.0,12.0
2019-01-29,Tuesday,4,18,10,20,27,67,53,23,16,17,11,11,11,7,3,0,6,21,0.0,12.0,11.0
2019-01-30,Wednesday,3,5,7,7,48,75,57,27,16,16,17,9,5,5,3,0,4,21,0.0,12.0,11.0
2019-01-31,Thursday,3,7,13,12,20,77,38,23,27,21,12,11,4,3,3,0,4,21,0.0,12.0,11.0
2019-02-01,Friday,3,8,10,15,37,73,55,31,16,42,27,15,12,2,3,0,4,21,0.0,12.0,11.0
2019-02-02,Saturday,,1,8,7,26,61,78,50,34,24,21,13,2,4,3,0,6,21,0.0,12.0,11.0
2019-02-03,Sunday,,,4,16,7,22,33,16,20,5,11,2,2,,1,0,0,0,0.0,0.0,0.0
2019-02-04,Monday,2,10,13,14,19,58,32,23,11,21,14,16,10,5,3,0,4,21,0.0,12.0,11.0
2019-02-05,Tuesday,7,9,6,13,25,51,53,20,16,22,13,8,6,1,3,0,6,21,0.0,12.0,11.0
2019-02-06,Wednesday,4,3,7,15,19,52,45,20,29,28,14,5,2,4,3,0,4,21,0.0,12.0,11.0
2019-02-07,Thursday,2,6,14,10,30,74,47,13,15,17,15,12,6,5,3,0,4,21,0.0,12.0,11.0
2019-02-08,Friday,4,16,19,16,31,70,50,23,23,25,26,21,4,5,3,0,4,21,0.0,12.0,11.0
2019-02-09,Saturday,,0,10,16,26,45,65,54,41,18,23,10,4,6,3,0,4,21,0.0,12.0,11.0
2019-02-10,Sunday,,1,3,11,8,33,20,23,11,9,7,11,1,,1,0,0,0,0.0,0.0,0.0
2019-02-11,Monday,2,5,13,17,20,52,38,25,14,24,20,7,13,1,3,0,4,21,0.0,12.0,11.0
2019-02-12,Tuesday,7,2,8,14,16,52,26,17,14,11,15,9,11,6,3,0,6,21,0.0,12.0,11.0
2019-02-13,Wednesday,1,14,12,15,32,112,111,51,16,55,52,19,5,3,3,0,4,21,0.0,12.0,11.0
2019-02-14,Thursday,4,7,11,10,23,67,57,22,17,24,24,14,12,3,3,0,4,20,0.0,12.0,11.0
2019-02-15,Friday,7,15,12,17,35,61,55,35,18,28,8,9,10,12,3,0,4,21,0.0,12.0,11.0
2019-02-16,Saturday,3,2,7,18,39,70,75,48,33,21,11,8,11,1,4,6,6,23,12.0,15.0,10.0
2019-02-17,Sunday,,,17,6,12,32,22,23,16,21,10,5,6,,1,0,0,0,0.0,0.0,0.0
2019-02-18,Monday,2,11,5,15,26,84,64,33,15,12,11,9,8,3,3,0,4,21,0.0,12.0,11.0
2019-02-19,Tuesday,2,4,6,8,24,67,81,34,22,15,12,7,7,4,3,0,6,21,0.0,12.0,11.0
2019-02-20,Wednesday,5,8,5,21,22,76,60,30,27,9,17,13,15,5,3,0,4,21,0.0,12.0,11.0
2019-02-21,Thursday,3,7,4,10,19,53,79,44,21,35,16,5,6,5,3,0,4,21,0.0,12.0,11.0
2019-02-22,Friday,4,13,9,12,24,75,78,45,36,26,23,14,8,3,3,0,4,21,0.0,12.0,11.0
2019-02-23,Saturday,,5,7,13,17,53,66,58,33,27,10,8,4,6,4,4,4,21,12.0,14.0,11.0
2019-02-24,Sunday,,2,4,7,10,25,21,16,4,7,5,2,2,,2,0,0,14,0.0,0.0,11.0
2019-02-25,Monday,2,7,10,17,25,49,44,20,10,10,16,5,2,2,3,0,4,21,0.0,12.0,11.0
2019-02-26,Tuesday,3,6,14,7,16,58,30,18,7,14,14,7,4,1,3,0,6,21,0.0,12.0,11.0
2019-02-27,Wednesday,2,5,16,12,20,27,44,21,17,11,12,4,8,6,3,0,4,21,0.0,12.0,11.0
2019-02-28,Thursday,1,3,4,8,26,18,26,13,11,,,,,,3,0,4,21,0.0,12.0,11.0
2019-03-01,Friday,,,3,5,14,38,23,26,16,14,0,,,,3,0,4,21,0.0,12.0,11.0
2019-03-02,Saturday,,,10,5,39,51,52,52,34,16,23,5,2,4,4,4,6,21,12.0,14.0,11.0
2019-03-03,Sunday,,,,13,15,21,40,26,13,8,11,6,8,,3,0,0,14,0.0,0.0,11.0
2019-03-04,Monday,2,5,4,11,22,49,34,19,12,14,29,10,11,3,3,0,4,21,0.0,12.0,11.0
2019-03-05,Tuesday,2,6,8,10,18,60,41,26,16,19,18,5,8,4,3,0,6,21,0.0,12.0,11.0
2019-03-06,Wednesday,6,8,8,10,44,40,55,21,22,9,22,10,10,6,3,0,4,21,0.0,12.0,11.0
2019-03-07,Thursday,3,8,12,13,26,56,45,33,25,15,19,8,5,4,3,0,4,21,0.0,12.0,11.0
2019-03-08,Friday,5,8,12,18,24,56,48,34,26,18,13,13,5,,3,0,4,21,0.0,12.0,11.0
2019-03-09,Saturday,,8,10,16,27,76,70,73,55,16,11,5,10,5,4,4,6,21,12.0,14.0,11.0
2019-03-10,Sunday,,7,5,14,8,27,29,17,14,10,12,15,4,,2,0,0,14,0.0,0.0,11.0
2019-03-11,Monday,4,4,13,13,16,29,28,23,17,13,14,5,6,4,3,0,4,21,0.0,12.0,11.0
2019-03-12,Tuesday,4,11,10,11,26,55,32,25,18,27,20,6,7,3,3,0,6,21,0.0,12.0,11.0
2019-03-13,Wednesday,2,5,5,16,19,59,38,22,18,22,19,4,4,7,3,0,4,21,0.0,12.0,11.0
2019-03-14,Thursday,3,5,9,7,17,53,34,23,15,19,15,4,4,11,3,0,4,21,0.0,12.0,11.0
2019-03-15,Friday,2,9,8,12,25,56,55,28,28,24,9,18,4,2,3,0,4,21,0.0,12.0,11.0
2019-03-16,Saturday,0,2,13,8,27,56,58,51,27,19,20,2,4,2,4,4,6,21,12.0,14.0,11.0
2019-03-17,Sunday,,2,2,2,7,38,22,16,10,14,11,2,,,2,0,0,14,0.0,0.0,11.0
2019-03-18,Monday,2,4,3,9,16,39,40,19,17,12,10,9,7,4,3,0,4,21,0.0,12.0,11.0
2019-03-19,Tuesday,4,5,6,9,22,42,31,7,11,31,11,7,2,1,3,0,6,21,0.0,12.0,11.0
2019-03-20,Wednesday,2,4,5,16,30,46,39,20,15,17,14,8,6,1,3,0,4,21,0.0,12.0,11.0
2019-03-21,Thursday,1,4,11,9,18,49,55,19,14,23,17,11,4,3,3,0,4,21,0.0,12.0,11.0
2019-03-22,Friday,2,7,6,14,16,64,62,16,19,20,18,9,3,5,3,0,4,21,0.0,12.0,11.0
2019-03-23,Saturday,,3,11,16,20,58,78,53,45,19,16,8,7,,4,4,6,21,12.0,14.0,11.0
2019-03-24,Sunday,,9,2,0,4,16,29,16,12,14,8,7,7,0,2,0,0,14,0.0,0.0,11.0
2019-03-25,Monday,1,6,7,20,24,48,47,40,24,13,17,10,6,6,3,0,4,21,0.0,12.0,11.0
2019-03-26,Tuesday,,8,6,3,22,30,50,20,31,14,10,4,10,3,3,0,6,21,0.0,12.0,11.0
2019-03-27,Wednesday,2,2,6,16,27,59,64,35,22,18,7,12,12,2,3,0,4,21,0.0,12.0,11.0
2019-03-28,Thursday,3,17,7,12,14,66,60,51,11,14,9,12,12,4,3,0,4,21,0.0,12.0,11.0
2019-03-29,Friday,3,7,3,9,28,52,55,39,26,23,19,8,2,,3,0,4,21,0.0,12.0,11.0
2019-03-30,Saturday,2,6,5,10,12,47,59,30,36,23,17,4,1,7,4,4,6,21,12.0,14.0,11.0
2019-04-01,Monday,,,,1,10,19,28,29,10,7,19,10,6,,3,0,4,21,0.0,11.0,10.0
2019-04-02,Tuesday,2,6,4,8,13,75,69,24,18,20,14,8,7,2,3,0,4,21,0.0,11.0,10.0
2019-04-03,Wednesday,1,5,2,9,20,58,56,34,15,18,16,6,6,2,3,0,4,21,0.0,11.0,10.0
2019-04-04,Thursday,0,5,3,16,15,59,61,35,29,16,19,12,7,4,3,0,4,21,0.0,11.0,10.0
2019-04-05,Friday,0,7,1,7,28,69,58,33,27,23,20,10,8,5,3,0,4,21,0.0,11.0,10.0
2019-04-06,Saturday,1,1,3,7,18,55,50,52,20,14,14,8,8,5,4,4,6,21,11.0,13.0,10.0
2019-04-07,Sunday,,2,1,7,12,17,26,23,13,12,6,3,4,,2,0,0,14,0.0,0.0,10.0
2019-04-08,Monday,0,10,8,7,14,70,47,33,24,17,12,5,6,2,3,0,4,21,0.0,11.0,10.0
2019-04-09,Tuesday,,10,5,9,11,53,34,12,17,16,18,7,8,2,3,0,6,21,0.0,11.0,10.0
2019-04-10,Wednesday,1,8,6,12,16,38,45,25,12,9,13,8,9,4,3,0,4,21,0.0,11.0,10.0
2019-04-11,Thursday,0,6,6,13,17,55,52,20,31,12,12,9,4,3,3,0,4,21,0.0,11.0,10.0
2019-04-12,Friday,4,6,3,12,26,62,57,31,13,30,14,15,4,5,3,0,4,21,0.0,11.0,10.0
2019-04-13,Saturday,,4,6,18,21,41,43,58,37,28,23,11,4,8,3,0,4,15,0.0,11.0,13.0
2019-04-14,Sunday,,3,1,3,17,31,20,20,10,6,13,7,6,,3,0,0,14,0.0,0.0,10.0
2019-04-15,Monday,2,2,5,9,26,44,47,20,19,19,16,10,9,1,3,0,4,21,0.0,11.0,10.0
2019-04-16,Tuesday,1,4,5,17,15,59,30,24,14,14,12,9,2,1,3,0,6,21,0.0,11.0,10.0
2019-04-17,Wednesday,5,3,4,10,27,65,41,18,28,19,16,23,8,3,3,0,4,21,0.0,11.0,10.0
2019-04-18,Thursday,3,4,9,6,29,70,62,20,33,23,20,17,3,5,3,0,4,21,0.0,11.0,10.0
2019-04-19,Friday,1,10,6,11,16,58,61,37,29,10,20,10,4,4,3,0,4,19,0.0,11.0,10.0
2019-04-20,Saturday,2,7,6,7,27,79,70,52,33,16,20,5,14,1,4,4,6,23,11.0,13.0,9.0
2019-04-22,Monday,3,4,3,7,16,73,28,19,32,18,8,3,4,1,3,0,4,19,0.0,11.0,10.0
2019-04-23,Tuesday,4,6,6,15,24,62,27,31,15,21,13,18,8,5,3,0,6,21,0.0,11.0,10.0
2019-04-24,Wednesday,1,7,14,13,19,39,32,25,12,11,18,7,11,2,3,0,4,21,0.0,11.0,10.0
2019-04-25,Thursday,3,9,11,16,17,52,37,26,11,20,17,18,10,1,3,0,4,21,0.0,11.0,10.0
2019-04-26,Friday,0,4,13,8,31,44,38,30,16,11,21,10,6,7,3,0,4,21,0.0,11.0,10.0
2019-04-27,Saturday,6,7,1,12,37,74,70,55,39,19,17,16,9,7,4,4,4,25,11.0,13.0,9.0
2019-04-28,Sunday,,2,8,10,12,33,37,21,24,16,17,14,10,,1,0,0,0,0.0,0.0,0.0
2019-04-29,Monday,2,7,6,12,16,55,44,29,9,13,16,19,12,3,3,0,4,21,0.0,11.0,10.0
2019-04-30,Tuesday,1,4,10,15,31,64,42,27,24,11,16,15,7,2,3,0,6,21,0.0,11.0,10.0
